Variable,Coef,SE,t,p
Constant,64.57425625622272,10.565281719440884,6.111929428005825,9.97313609660785e-10
frac_builtup_2024,757.3635945320129,528.3347886732765,1.4334918138437565,0.1517284934523125
frac_vegetation_2024,73.91402457177719,1.0989602860789331,67.25813981458862,0.0
frac_water_2024,24.75658562751414,1.5920645713956618,15.549988406444857,2.684504065491227e-54
frac_cropland_2024,19.883922800927394,1.1815710905280565,16.82837618516975,3.092838850176484e-63
population_2024,-0.16965619567781687,0.10566810820127019,-1.6055572354401013,0.1083824958614794
