Model,R2,AIC
OLS,0.9675310536676479,171993.4493657955
SLM,0.9678575062013888,30604.715991128942
SEM,0.9675996021010527,30206.695175091278
